Timestamp,Current(A),Voltage(V),Pressure(kg),RopeLength(m),EncoderValue,EncoderAngle(deg),MotorSpeed(rpm),MotorPosition,MotorStatus,MotorStatusStr,AlgorithmState,AlgorithmError,EmergencyStop,ClutchCurrent(mA),MotorCmdRpm
1779179604089613,0.000,0.000,-0.020,0.001,1026,90.176,1.000,-133.105,4,Unknown,0,0,0,0.0,0.000
1779179604089633,0.000,0.000,-0.020,0.001,1026,90.176,1.000,-133.105,4,Unknown,0,0,0,0.0,0.000
1779179604212645,0.000,0.000,-0.020,0.001,1026,90.176,1.000,-133.103,4,Unknown,0,0,0,0.0,0.000
1779179604212668,0.000,0.000,-0.020,0.001,1026,90.176,1.000,-133.103,4,Unknown,0,0,0,0.0,0.000
1779179604338538,0.000,0.000,-0.020,0.001,1026,90.176,1.000,-133.100,4,Unknown,0,0,0,0.0,0.000
1779179604338553,0.000,0.000,-0.020,0.001,1026,90.176,1.000,-133.100,4,Unknown,0,0,0,0.0,0.000
1779179604464274,0.000,0.000,-0.020,0.001,1026,90.176,1.000,-133.098,4,Unknown,0,0,0,0.0,0.000
1779179604464297,0.000,0.000,-0.020,0.001,1026,90.176,1.000,-133.098,4,Unknown,0,0,0,0.0,0.000
1779179604590288,0.000,0.000,-0.020,0.001,1026,90.176,1.000,-133.096,4,Unknown,0,0,0,0.0,0.000
1779179604590315,0.000,0.000,-0.020,0.001,1026,90.176,1.000,-133.096,4,Unknown,0,0,0,0.0,0.000
1779179604717233,0.000,0.000,-0.020,0.001,1026,90.176,1.000,-133.094,4,Unknown,0,0,0,0.0,0.000
1779179604717257,0.000,0.000,-0.020,0.001,1026,90.176,1.000,-133.094,4,Unknown,0,0,0,0.0,0.000
1779179604842821,0.000,0.000,-0.030,0.001,1026,90.176,1.000,-133.092,4,Unknown,0,0,0,0.0,0.000
1779179604842842,0.000,0.000,-0.030,0.001,1026,90.176,1.000,-133.092,4,Unknown,0,0,0,0.0,0.000
1779179604968446,0.000,0.000,-0.030,0.001,1026,90.176,1.000,-133.090,4,Unknown,0,0,0,0.0,0.000
1779179604968468,0.000,0.000,-0.030,0.001,1026,90.176,1.000,-133.090,4,Unknown,0,0,0,0.0,0.000
1779179605093979,0.000,0.000,-0.030,0.001,1026,90.176,1.000,-133.088,4,Unknown,0,0,0,0.0,0.000
1779179605093999,0.000,0.000,-0.030,0.001,1026,90.176,1.000,-133.088,4,Unknown,0,0,0,0.0,0.000
1779179605219680,0.000,0.000,-0.030,0.001,1026,90.176,1.000,-133.086,4,Unknown,0,0,0,0.0,0.000
1779179605219701,0.000,0.000,-0.030,0.001,1026,90.176,1.000,-133.086,4,Unknown,0,0,0,0.0,0.000
1779179605345376,0.000,0.000,-0.030,0.001,1026,90.176,1.000,-133.084,4,Unknown,0,0,0,0.0,0.000
1779179605345393,0.000,0.000,-0.030,0.001,1026,90.176,1.000,-133.084,4,Unknown,0,0,0,0.0,0.000
1779179605471607,0.000,0.000,-0.030,0.001,1026,90.176,1.000,-133.083,4,Unknown,0,0,0,0.0,0.000
1779179605471626,0.000,0.000,-0.030,0.001,1026,90.176,1.000,-133.083,4,Unknown,0,0,0,0.0,0.000
1779179605597712,0.000,0.000,-0.030,0.001,1026,90.176,1.000,-133.081,4,Unknown,0,0,0,0.0,0.000
1779179605597727,0.000,0.000,-0.030,0.001,1026,90.176,1.000,-133.081,4,Unknown,0,0,0,0.0,0.000
1779179605723441,0.000,0.000,-0.020,0.001,1026,90.176,1.000,-133.079,4,Unknown,0,0,0,0.0,0.000
1779179605723469,0.000,0.000,-0.020,0.001,1026,90.176,1.000,-133.079,4,Unknown,0,0,0,0.0,0.000
1779179605848716,0.000,0.000,-0.020,0.001,1026,90.176,1.000,-133.077,4,Unknown,0,0,0,0.0,0.000
1779179605848730,0.000,0.000,-0.020,0.001,1026,90.176,1.000,-133.077,4,Unknown,0,0,0,0.0,0.000
1779179605974183,0.000,0.000,-0.020,0.001,1026,90.176,1.000,-133.076,4,Unknown,0,0,0,0.0,0.000
1779179605974202,0.000,0.000,-0.020,0.001,1026,90.176,1.000,-133.076,4,Unknown,0,0,0,0.0,0.000
1779179606099626,0.000,0.000,-0.020,0.001,1026,90.176,1.000,-133.074,4,Unknown,0,0,0,0.0,0.000
1779179606099643,0.000,0.000,-0.020,0.001,1026,90.176,1.000,-133.074,4,Unknown,0,0,0,0.0,0.000
1779179606225405,0.000,0.000,-0.010,0.001,1026,90.176,1.000,-133.072,4,Unknown,0,0,0,0.0,0.000
1779179606225420,0.000,0.000,-0.010,0.001,1026,90.176,1.000,-133.072,4,Unknown,0,0,0,0.0,0.000
1779179606350833,0.000,0.000,-0.010,0.001,1026,90.176,1.000,-133.071,4,Unknown,0,0,0,0.0,0.000
1779179606350856,0.000,0.000,-0.010,0.001,1026,90.176,1.000,-133.071,4,Unknown,0,0,0,0.0,0.000
1779179606476417,0.000,0.000,-0.010,0.001,1026,90.176,1.000,-133.069,4,Unknown,0,0,0,0.0,0.000
1779179606476436,0.000,0.000,-0.010,0.001,1026,90.176,1.000,-133.069,4,Unknown,0,0,0,0.0,0.000
1779179606602008,0.000,0.000,-0.010,0.001,1026,90.176,1.000,-133.067,4,Unknown,0,0,0,0.0,0.000
1779179606602076,0.000,0.000,-0.010,0.001,1026,90.176,1.000,-133.067,4,Unknown,0,0,0,0.0,0.000
1779179606727593,0.000,0.000,-0.020,0.001,1026,90.176,1.000,-133.065,4,Unknown,0,0,0,0.0,0.000
1779179606727610,0.000,0.000,-0.020,0.001,1026,90.176,1.000,-133.065,4,Unknown,0,0,0,0.0,0.000
1779179606853080,0.000,0.000,-0.020,0.001,1026,90.176,1.000,-133.064,4,Unknown,0,0,0,0.0,0.000
1779179606853095,0.000,0.000,-0.020,0.001,1026,90.176,1.000,-133.064,4,Unknown,0,0,0,0.0,0.000
1779179606978353,0.000,0.000,-0.020,0.001,1026,90.176,1.000,-133.061,4,Unknown,0,0,0,0.0,0.000
1779179606978368,0.000,0.000,-0.020,0.001,1026,90.176,1.000,-133.061,4,Unknown,0,0,0,0.0,0.000
1779179607103838,0.000,0.000,-0.020,0.001,1026,90.176,1.000,-133.060,4,Unknown,0,0,0,0.0,0.000
1779179607103857,0.000,0.000,-0.020,0.001,1026,90.176,1.000,-133.060,4,Unknown,0,0,0,0.0,0.000
1779179607229432,0.000,0.000,-0.020,0.001,1026,90.176,1.000,-133.057,4,Unknown,0,0,0,0.0,0.000
1779179607229450,0.000,0.000,-0.020,0.001,1026,90.176,1.000,-133.057,4,Unknown,0,0,0,0.0,0.000
1779179607354906,0.000,0.000,-0.020,0.001,1026,90.176,1.000,-133.055,4,Unknown,0,0,0,0.0,0.000
1779179607354923,0.000,0.000,-0.020,0.001,1026,90.176,1.000,-133.055,4,Unknown,0,0,0,0.0,0.000
1779179607480319,0.000,0.000,-0.020,0.001,1026,90.176,1.000,-133.053,4,Unknown,0,0,0,0.0,0.000
1779179607480333,0.000,0.000,-0.020,0.001,1026,90.176,1.000,-133.053,4,Unknown,0,0,0,0.0,0.000
1779179607605778,0.000,0.000,-0.020,0.001,1026,90.176,1.000,-133.049,4,Unknown,0,0,0,0.0,0.000
1779179607605818,0.000,0.000,-0.020,0.001,1026,90.176,1.000,-133.049,4,Unknown,0,0,0,0.0,0.000
1779179607731637,0.000,0.000,-0.030,0.001,1026,90.176,2.000,-133.045,4,Unknown,0,0,0,0.0,0.000
1779179607731652,0.000,0.000,-0.030,0.001,1026,90.176,2.000,-133.045,4,Unknown,0,0,0,0.0,0.000
1779179607857118,0.000,0.000,-0.020,0.001,1026,90.176,1.000,-133.043,4,Unknown,0,0,0,0.0,0.000
1779179607857137,0.000,0.000,-0.020,0.001,1026,90.176,1.000,-133.043,4,Unknown,0,0,0,0.0,0.000
1779179607982837,0.000,0.000,-0.030,0.001,1025,90.088,1.000,-133.041,4,Unknown,0,0,0,0.0,0.000
1779179607982855,0.000,0.000,-0.030,0.001,1025,90.088,1.000,-133.041,4,Unknown,0,0,0,0.0,0.000
1779179608108511,0.000,0.000,-0.030,0.001,1025,90.088,1.000,-133.039,4,Unknown,0,0,0,0.0,0.000
1779179608108526,0.000,0.000,-0.030,0.001,1025,90.088,1.000,-133.039,4,Unknown,0,0,0,0.0,0.000
1779179608233968,0.000,0.000,-0.030,0.001,1025,90.088,1.000,-133.037,4,Unknown,0,0,0,0.0,0.000
1779179608233985,0.000,0.000,-0.030,0.001,1025,90.088,1.000,-133.037,4,Unknown,0,0,0,0.0,0.000
1779179608359593,0.000,0.000,-0.020,0.001,1025,90.088,1.000,-133.036,4,Unknown,0,0,0,0.0,0.000
1779179608359609,0.000,0.000,-0.020,0.001,1025,90.088,1.000,-133.036,4,Unknown,0,0,0,0.0,0.000
1779179608485094,0.000,0.000,-0.020,0.001,1025,90.088,1.000,-133.034,4,Unknown,0,0,0,0.0,0.000
1779179608485111,0.000,0.000,-0.020,0.001,1025,90.088,1.000,-133.034,4,Unknown,0,0,0,0.0,0.000
1779179608611010,0.000,0.000,-0.020,0.001,1025,90.088,1.000,-133.033,4,Unknown,0,0,0,0.0,0.000
1779179608611028,0.000,0.000,-0.020,0.001,1025,90.088,1.000,-133.033,4,Unknown,0,0,0,0.0,0.000
1779179608736395,0.000,0.000,-0.020,0.001,1025,90.088,1.000,-133.031,4,Unknown,0,0,0,0.0,0.000
1779179608736412,0.000,0.000,-0.020,0.001,1025,90.088,1.000,-133.031,4,Unknown,0,0,0,0.0,0.000
1779179608861807,0.000,0.000,-0.020,0.001,1025,90.088,1.000,-133.029,4,Unknown,0,0,0,0.0,0.000
1779179608861824,0.000,0.000,-0.020,0.001,1025,90.088,1.000,-133.029,4,Unknown,0,0,0,0.0,0.000
1779179608987242,0.000,0.000,-0.020,0.001,1026,90.176,1.000,-133.027,4,Unknown,0,0,0,0.0,0.000
1779179608987260,0.000,0.000,-0.020,0.001,1026,90.176,1.000,-133.027,4,Unknown,0,0,0,0.0,0.000
1779179609112771,0.000,0.000,-0.020,0.001,1026,90.176,1.000,-133.025,4,Unknown,0,0,0,0.0,0.000
1779179609112797,0.000,0.000,-0.020,0.001,1026,90.176,1.000,-133.025,4,Unknown,0,0,0,0.0,0.000
1779179609298431,0.000,0.000,-0.020,0.001,1026,90.176,1.000,-133.023,4,Unknown,0,0,0,0.0,0.000
1779179609298448,0.000,0.000,-0.020,0.001,1026,90.176,1.000,-133.023,4,Unknown,0,0,0,0.0,0.000
1779179609420145,0.000,0.000,-0.020,0.001,1026,90.176,1.000,-133.021,4,Unknown,0,0,0,0.0,0.000
1779179609420164,0.000,0.000,-0.020,0.001,1026,90.176,1.000,-133.021,4,Unknown,0,0,0,0.0,0.000
1779179609545789,0.000,0.000,-0.020,0.001,1026,90.176,1.000,-133.019,4,Unknown,0,0,0,0.0,0.000
1779179609545831,0.000,0.000,-0.020,0.001,1026,90.176,1.000,-133.019,4,Unknown,0,0,0,0.0,0.000
1779179609671479,0.000,0.000,-0.010,0.001,1026,90.176,1.000,-133.017,4,Unknown,0,0,0,0.0,0.000
1779179609671497,0.000,0.000,-0.010,0.001,1026,90.176,1.000,-133.017,4,Unknown,0,0,0,0.0,0.000
1779179609796969,0.000,0.000,-0.010,0.001,1026,90.176,1.000,-133.015,4,Unknown,0,0,0,0.0,0.000
1779179609796992,0.000,0.000,-0.010,0.001,1026,90.176,1.000,-133.015,4,Unknown,0,0,0,0.0,0.000
1779179609922447,0.000,0.000,-0.010,0.001,1026,90.176,1.000,-133.013,4,Unknown,0,0,0,0.0,0.000
1779179609922467,0.000,0.000,-0.010,0.001,1026,90.176,1.000,-133.013,4,Unknown,0,0,0,0.0,0.000
1779179610047927,0.000,0.000,-0.020,0.001,1026,90.176,1.000,-133.010,4,Unknown,0,0,0,0.0,0.000
1779179610047943,0.000,0.000,-0.020,0.001,1026,90.176,1.000,-133.010,4,Unknown,0,0,0,0.0,0.000
1779179610173243,0.000,0.000,-0.020,0.001,1026,90.176,1.000,-133.008,4,Unknown,0,0,0,0.0,0.000
1779179610173261,0.000,0.000,-0.020,0.001,1026,90.176,1.000,-133.008,4,Unknown,0,0,0,0.0,0.000
1779179610298675,0.000,0.000,-0.020,0.001,1026,90.176,1.000,-133.006,4,Unknown,0,0,0,0.0,0.000
1779179610298693,0.000,0.000,-0.020,0.001,1026,90.176,1.000,-133.006,4,Unknown,0,0,0,0.0,0.000
1779179610424322,0.000,0.000,-0.020,0.001,1026,90.176,2.000,-133.001,4,Unknown,0,0,0,0.0,0.000
1779179610424345,0.000,0.000,-0.020,0.001,1026,90.176,2.000,-133.001,4,Unknown,0,0,0,0.0,0.000
1779179610549969,0.000,0.000,-0.020,0.001,1026,90.176,1.000,-132.999,4,Unknown,0,0,0,0.0,0.000
1779179610549992,0.000,0.000,-0.020,0.001,1026,90.176,1.000,-132.999,4,Unknown,0,0,0,0.0,0.000
1779179610675647,0.000,0.000,-0.030,0.001,1026,90.176,1.000,-132.997,4,Unknown,0,0,0,0.0,0.000
1779179610675663,0.000,0.000,-0.030,0.001,1026,90.176,1.000,-132.997,4,Unknown,0,0,0,0.0,0.000
1779179610801922,0.000,0.000,-0.030,0.001,1026,90.176,1.000,-132.995,4,Unknown,0,0,0,0.0,0.000
1779179610801940,0.000,0.000,-0.030,0.001,1026,90.176,1.000,-132.995,4,Unknown,0,0,0,0.0,0.000
1779179610927378,0.000,0.000,-0.030,0.001,1026,90.176,1.000,-132.993,4,Unknown,0,0,0,0.0,0.000
1779179610927395,0.000,0.000,-0.030,0.001,1026,90.176,1.000,-132.993,4,Unknown,0,0,0,0.0,0.000
1779179611053117,0.000,0.000,-0.030,0.001,1026,90.176,1.000,-132.992,4,Unknown,0,0,0,0.0,0.000
1779179611053138,0.000,0.000,-0.030,0.001,1026,90.176,1.000,-132.992,4,Unknown,0,0,0,0.0,0.000
1779179611178573,0.000,0.000,-0.030,0.001,1026,90.176,1.000,-132.990,4,Unknown,0,0,0,0.0,0.000
1779179611178593,0.000,0.000,-0.030,0.001,1026,90.176,1.000,-132.990,4,Unknown,0,0,0,0.0,0.000
1779179611303995,0.000,0.000,-0.030,0.001,1026,90.176,1.000,-132.988,4,Unknown,0,0,0,0.0,0.000
1779179611304021,0.000,0.000,-0.030,0.001,1026,90.176,1.000,-132.988,4,Unknown,0,0,0,0.0,0.000
1779179611429450,0.000,0.000,-0.020,0.001,1026,90.176,1.000,-132.986,4,Unknown,0,0,0,0.0,0.000
1779179611429466,0.000,0.000,-0.020,0.001,1026,90.176,1.000,-132.986,4,Unknown,0,0,0,0.0,0.000
1779179611555068,0.000,0.000,-0.020,0.001,1026,90.176,1.000,-132.984,4,Unknown,0,0,0,0.0,0.000
1779179611555092,0.000,0.000,-0.020,0.001,1026,90.176,1.000,-132.984,4,Unknown,0,0,0,0.0,0.000
1779179611680701,0.000,0.000,-0.020,0.001,1026,90.176,1.000,-132.982,4,Unknown,0,0,0,0.0,0.000
1779179611680723,0.000,0.000,-0.020,0.001,1026,90.176,1.000,-132.982,4,Unknown,0,0,0,0.0,0.000
1779179611806124,0.000,0.000,-0.020,0.001,1026,90.176,1.000,-132.980,4,Unknown,0,0,0,0.0,0.000
1779179611806142,0.000,0.000,-0.020,0.001,1026,90.176,1.000,-132.980,4,Unknown,0,0,0,0.0,0.000
1779179611931713,0.000,0.000,-0.020,0.001,1026,90.176,1.000,-132.978,4,Unknown,0,0,0,0.0,0.000
1779179611931728,0.000,0.000,-0.020,0.001,1026,90.176,1.000,-132.978,4,Unknown,0,0,0,0.0,0.000
1779179612057159,0.000,0.000,-0.020,0.001,1026,90.176,1.000,-132.976,4,Unknown,0,0,0,0.0,0.000
1779179612057183,0.000,0.000,-0.020,0.001,1026,90.176,1.000,-132.976,4,Unknown,0,0,0,0.0,0.000
1779179612182788,0.000,0.000,-0.020,0.001,1026,90.176,1.000,-132.975,4,Unknown,0,0,0,0.0,0.000
1779179612182812,0.000,0.000,-0.020,0.001,1026,90.176,1.000,-132.975,4,Unknown,0,0,0,0.0,0.000
1779179612308125,0.000,0.000,-0.020,0.001,1026,90.176,1.000,-132.973,4,Unknown,0,0,0,0.0,0.000
1779179612308142,0.000,0.000,-0.020,0.001,1026,90.176,1.000,-132.973,4,Unknown,0,0,0,0.0,0.000
1779179612434125,0.000,0.000,-0.020,0.001,1026,90.176,1.000,-132.971,4,Unknown,0,0,0,0.0,0.000
1779179612434140,0.000,0.000,-0.020,0.001,1026,90.176,1.000,-132.971,4,Unknown,0,0,0,0.0,0.000
1779179612559742,0.000,0.000,-0.020,0.001,1026,90.176,1.000,-132.969,4,Unknown,0,0,0,0.0,0.000
1779179612559758,0.000,0.000,-0.020,0.001,1026,90.176,1.000,-132.969,4,Unknown,0,0,0,0.0,0.000
1779179612685492,0.000,0.000,-0.020,0.001,1026,90.176,1.000,-132.966,4,Unknown,0,0,0,0.0,0.000
1779179612685513,0.000,0.000,-0.020,0.001,1026,90.176,1.000,-132.966,4,Unknown,0,0,0,0.0,0.000
1779179612867452,0.000,0.000,-0.020,0.001,1026,90.176,1.000,-132.963,4,Unknown,0,0,0,0.0,0.000
1779179612867475,0.000,0.000,-0.020,0.001,1026,90.176,1.000,-132.963,4,Unknown,0,0,0,0.0,0.000
1779179612990162,0.000,0.000,-0.020,0.001,1026,90.176,1.000,-132.962,4,Unknown,0,0,0,0.0,0.000
1779179612990190,0.000,0.000,-0.020,0.001,1026,90.176,1.000,-132.962,4,Unknown,0,0,0,0.0,0.000
1779179613172370,0.000,0.000,-0.020,0.001,1026,90.176,1.000,-132.959,4,Unknown,0,0,0,0.0,0.000
1779179613172388,0.000,0.000,-0.020,0.001,1026,90.176,1.000,-132.959,4,Unknown,0,0,0,0.0,0.000
1779179613295255,0.000,0.000,-0.020,0.001,1026,90.176,1.000,-132.957,4,Unknown,0,0,0,0.0,0.000
1779179613295273,0.000,0.000,-0.020,0.001,1026,90.176,1.000,-132.957,4,Unknown,0,0,0,0.0,0.000
1779179613477360,0.000,0.000,-0.020,0.001,1026,90.176,1.000,-132.955,4,Unknown,0,0,0,0.0,0.000
1779179613477378,0.000,0.000,-0.020,0.001,1026,90.176,1.000,-132.955,4,Unknown,0,0,0,0.0,0.000
1779179613600295,0.000,0.000,-0.020,0.001,1026,90.176,1.000,-132.953,4,Unknown,0,0,0,0.0,0.000
1779179613600319,0.000,0.000,-0.020,0.001,1026,90.176,1.000,-132.953,4,Unknown,0,0,0,0.0,0.000
1779179613725783,0.000,0.000,-0.030,0.001,1026,90.176,1.000,-132.951,4,Unknown,0,0,0,0.0,0.000
1779179613725821,0.000,0.000,-0.030,0.001,1026,90.176,1.000,-132.951,4,Unknown,0,0,0,0.0,0.000
1779179613851583,0.000,0.000,-0.020,0.001,1026,90.176,1.000,-132.950,4,Unknown,0,0,0,0.0,0.000
1779179613851600,0.000,0.000,-0.020,0.001,1026,90.176,1.000,-132.950,4,Unknown,0,0,0,0.0,0.000
1779179614033442,0.000,0.000,-0.030,0.001,1026,90.176,1.000,-132.947,4,Unknown,0,0,0,0.0,0.000
1779179614033455,0.000,0.000,-0.030,0.001,1026,90.176,1.000,-132.947,4,Unknown,0,0,0,0.0,0.000
1779179614156294,0.000,0.000,-0.030,0.001,1026,90.176,1.000,-132.945,4,Unknown,0,0,0,0.0,0.000
1779179614156312,0.000,0.000,-0.030,0.001,1026,90.176,1.000,-132.945,4,Unknown,0,0,0,0.0,0.000
1779179614282272,0.000,0.000,-0.030,0.001,1026,90.176,1.000,-132.943,4,Unknown,0,0,0,0.0,0.000
1779179614282294,0.000,0.000,-0.030,0.001,1026,90.176,1.000,-132.943,4,Unknown,0,0,0,0.0,0.000
1779179614408019,0.000,0.000,-0.030,0.001,1026,90.176,1.000,-132.940,4,Unknown,0,0,0,0.0,0.000
1779179614408034,0.000,0.000,-0.030,0.001,1026,90.176,1.000,-132.940,4,Unknown,0,0,0,0.0,0.000
1779179614533900,0.000,0.000,-0.030,0.001,1026,90.176,1.000,-132.938,4,Unknown,0,0,0,0.0,0.000
1779179614533929,0.000,0.000,-0.030,0.001,1026,90.176,1.000,-132.938,4,Unknown,0,0,0,0.0,0.000
1779179614715933,0.000,0.000,-0.020,0.001,1026,90.176,1.000,-132.934,4,Unknown,0,0,0,0.0,0.000
1779179614715950,0.000,0.000,-0.020,0.001,1026,90.176,1.000,-132.934,4,Unknown,0,0,0,0.0,0.000
1779179614838962,0.000,0.000,-0.020,0.001,1026,90.176,1.000,-132.932,4,Unknown,0,0,0,0.0,0.000
1779179614838979,0.000,0.000,-0.020,0.001,1026,90.176,1.000,-132.932,4,Unknown,0,0,0,0.0,0.000
1779179615021623,0.000,0.000,-0.020,0.001,1026,90.176,1.000,-132.930,4,Unknown,0,0,0,0.0,0.000
1779179615021640,0.000,0.000,-0.020,0.001,1026,90.176,1.000,-132.930,4,Unknown,0,0,0,0.0,0.000
1779179615144253,0.000,0.000,-0.020,0.001,1026,90.176,1.000,-132.927,4,Unknown,0,0,0,0.0,0.000
1779179615144315,0.000,0.000,-0.020,0.001,1026,90.176,1.000,-132.927,4,Unknown,0,0,0,0.0,0.000
1779179615269886,0.000,0.000,-0.010,0.001,1026,90.176,2.000,-132.923,4,Unknown,0,0,0,0.0,0.000
1779179615269905,0.000,0.000,-0.010,0.001,1026,90.176,2.000,-132.923,4,Unknown,0,0,0,0.0,0.000
1779179615395894,0.000,0.000,-0.010,0.001,1026,90.176,1.000,-132.921,4,Unknown,0,0,0,0.0,0.000
1779179615395915,0.000,0.000,-0.010,0.001,1026,90.176,1.000,-132.921,4,Unknown,0,0,0,0.0,0.000
1779179615521928,0.000,0.000,-0.010,0.001,1026,90.176,1.000,-132.919,4,Unknown,0,0,0,0.0,0.000
1779179615521945,0.000,0.000,-0.010,0.001,1026,90.176,1.000,-132.919,4,Unknown,0,0,0,0.0,0.000
1779179615648130,0.000,0.000,-0.010,0.001,1026,90.176,1.000,-132.917,4,Unknown,0,0,0,0.0,0.000
1779179615648147,0.000,0.000,-0.010,0.001,1026,90.176,1.000,-132.917,4,Unknown,0,0,0,0.0,0.000
1779179615830325,0.000,0.000,-0.010,0.001,1026,90.176,1.000,-132.914,4,Unknown,0,0,0,0.0,0.000
1779179615830343,0.000,0.000,-0.010,0.001,1026,90.176,1.000,-132.914,4,Unknown,0,0,0,0.0,0.000
1779179615953642,0.000,0.000,-0.020,0.001,1026,90.176,1.000,-132.912,4,Unknown,0,0,0,0.0,0.000
1779179615953659,0.000,0.000,-0.020,0.001,1026,90.176,1.000,-132.912,4,Unknown,0,0,0,0.0,0.000
1779179616079223,0.000,0.000,-0.020,0.001,1026,90.176,1.000,-132.911,4,Unknown,0,0,0,0.0,0.000
1779179616079238,0.000,0.000,-0.020,0.001,1026,90.176,1.000,-132.911,4,Unknown,0,0,0,0.0,0.000
1779179616204662,0.000,0.000,-0.020,0.001,1026,90.176,1.000,-132.909,4,Unknown,0,0,0,0.0,0.000
1779179616204680,0.000,0.000,-0.020,0.001,1026,90.176,1.000,-132.909,4,Unknown,0,0,0,0.0,0.000
1779179616330243,0.000,0.000,-0.020,0.001,1026,90.176,1.000,-132.907,4,Unknown,0,0,0,0.0,0.000
1779179616330260,0.000,0.000,-0.020,0.001,1026,90.176,1.000,-132.907,4,Unknown,0,0,0,0.0,0.000
1779179616455951,0.000,0.000,-0.020,0.001,1026,90.176,1.000,-132.905,4,Unknown,0,0,0,0.0,0.000
1779179616455971,0.000,0.000,-0.020,0.001,1026,90.176,1.000,-132.905,4,Unknown,0,0,0,0.0,0.000
1779179616581617,0.000,0.000,-0.030,0.001,1026,90.176,1.000,-132.903,4,Unknown,0,0,0,0.0,0.000
1779179616581633,0.000,0.000,-0.030,0.001,1026,90.176,1.000,-132.903,4,Unknown,0,0,0,0.0,0.000
1779179616707267,0.000,0.000,-0.030,0.001,1026,90.176,1.000,-132.901,4,Unknown,0,0,0,0.0,0.000
1779179616707283,0.000,0.000,-0.030,0.001,1026,90.176,1.000,-132.901,4,Unknown,0,0,0,0.0,0.000
1779179616832695,0.000,0.000,-0.020,0.001,1026,90.176,1.000,-132.898,4,Unknown,0,0,0,0.0,0.000
1779179616832713,0.000,0.000,-0.020,0.001,1026,90.176,1.000,-132.898,4,Unknown,0,0,0,0.0,0.000
1779179616958134,0.000,0.000,-0.030,0.001,1026,90.176,1.000,-132.896,4,Unknown,0,0,0,0.0,0.000
1779179616958151,0.000,0.000,-0.030,0.001,1026,90.176,1.000,-132.896,4,Unknown,0,0,0,0.0,0.000
1779179617083706,0.000,0.000,-0.020,0.001,1026,90.176,1.000,-132.894,4,Unknown,0,0,0,0.0,0.000
1779179617083720,0.000,0.000,-0.020,0.001,1026,90.176,1.000,-132.894,4,Unknown,0,0,0,0.0,0.000
1779179617209134,0.000,0.000,-0.030,0.001,1026,90.176,1.000,-132.892,4,Unknown,0,0,0,0.0,0.000
1779179617209154,0.000,0.000,-0.030,0.001,1026,90.176,1.000,-132.892,4,Unknown,0,0,0,0.0,0.000
1779179617334540,0.000,0.000,-0.020,0.001,1026,90.176,1.000,-132.889,4,Unknown,0,0,0,0.0,0.000
1779179617334555,0.000,0.000,-0.020,0.001,1026,90.176,1.000,-132.889,4,Unknown,0,0,0,0.0,0.000
1779179617459994,0.000,0.000,-0.020,0.001,1026,90.176,1.000,-132.887,4,Unknown,0,0,0,0.0,0.000
1779179617460010,0.000,0.000,-0.020,0.001,1026,90.176,1.000,-132.887,4,Unknown,0,0,0,0.0,0.000
1779179617586367,0.000,0.000,-0.020,0.001,1026,90.176,1.000,-132.886,4,Unknown,0,0,0,0.0,0.000
1779179617586385,0.000,0.000,-0.020,0.001,1026,90.176,1.000,-132.886,4,Unknown,0,0,0,0.0,0.000
1779179617712464,0.000,0.000,-0.020,0.001,1026,90.176,0.000,-132.885,4,Unknown,0,0,0,0.0,0.000
1779179617712481,0.000,0.000,-0.020,0.001,1026,90.176,0.000,-132.885,4,Unknown,0,0,0,0.0,0.000
1779179617894439,0.000,0.000,-0.020,0.001,1026,90.176,0.000,-132.885,4,Unknown,0,0,0,0.0,0.000
1779179617894458,0.000,0.000,-0.020,0.001,1026,90.176,0.000,-132.885,4,Unknown,0,0,0,0.0,0.000
1779179618017906,0.000,0.000,-0.020,0.001,1026,90.176,0.000,-132.884,4,Unknown,0,0,0,0.0,0.000
1779179618017925,0.000,0.000,-0.020,0.001,1026,90.176,0.000,-132.884,4,Unknown,0,0,0,0.0,0.000
1779179618143455,0.000,0.000,-0.020,0.001,1026,90.176,0.000,-132.884,4,Unknown,0,0,0,0.0,0.000
1779179618143479,0.000,0.000,-0.020,0.001,1026,90.176,0.000,-132.884,4,Unknown,0,0,0,0.0,0.000
1779179618269353,0.000,0.000,-0.020,0.001,1026,90.176,0.000,-132.884,4,Unknown,0,0,0,0.0,0.000
1779179618269372,0.000,0.000,-0.020,0.001,1026,90.176,0.000,-132.884,4,Unknown,0,0,0,0.0,0.000
1779179618394860,0.000,0.000,-0.020,0.001,1026,90.176,0.000,-132.884,4,Unknown,0,0,0,0.0,0.000
1779179618394876,0.000,0.000,-0.020,0.001,1026,90.176,0.000,-132.884,4,Unknown,0,0,0,0.0,0.000
1779179618520659,0.000,0.000,-0.010,0.001,1026,90.176,0.000,-132.884,4,Unknown,0,0,0,0.0,0.000
1779179618520678,0.000,0.000,-0.010,0.001,1026,90.176,0.000,-132.884,4,Unknown,0,0,0,0.0,0.000
1779179618646419,0.000,0.000,-0.010,0.001,1026,90.176,0.000,-132.883,4,Unknown,0,0,0,0.0,0.000
1779179618646434,0.000,0.000,-0.010,0.001,1026,90.176,0.000,-132.883,4,Unknown,0,0,0,0.0,0.000
1779179618772136,0.000,0.000,-0.010,0.001,1026,90.176,0.000,-132.883,4,Unknown,0,0,0,0.0,0.000
1779179618772159,0.000,0.000,-0.010,0.001,1026,90.176,0.000,-132.883,4,Unknown,0,0,0,0.0,0.000
1779179618897593,0.000,0.000,-0.010,0.001,1026,90.176,0.000,-132.883,4,Unknown,0,0,0,0.0,0.000
1779179618897610,0.000,0.000,-0.010,0.001,1026,90.176,0.000,-132.883,4,Unknown,0,0,0,0.0,0.000
1779179619023228,0.000,0.000,-0.010,0.001,1026,90.176,0.000,-132.883,1,Running,0,0,0,0.0,0.000
1779179619023251,0.000,0.000,-0.010,0.001,1026,90.176,0.000,-132.883,1,Running,0,0,0,0.0,0.000
1779179619148755,0.000,0.000,-0.010,0.001,1025,90.088,-1.000,-132.886,1,Running,0,0,0,0.0,0.000
1779179619148778,0.000,0.000,-0.010,0.001,1025,90.088,-1.000,-132.886,1,Running,0,0,0,0.0,0.000
1779179619274156,0.000,0.000,0.000,0.000,1022,89.824,0.000,-132.887,1,Running,0,0,0,0.0,0.000
1779179619274173,0.000,0.000,0.000,0.000,1022,89.824,0.000,-132.887,1,Running,0,0,0,0.0,0.000
1779179619399953,0.000,0.000,0.000,0.000,1023,89.912,0.000,-132.887,1,Running,0,0,0,0.0,0.000
1779179619399971,0.000,0.000,0.000,0.000,1023,89.912,0.000,-132.887,1,Running,0,0,0,0.0,0.000
1779179619525515,0.000,0.000,-0.010,0.000,1023,89.912,0.000,-132.887,1,Running,0,0,0,0.0,0.000
1779179619525533,0.000,0.000,-0.010,0.000,1023,89.912,0.000,-132.887,1,Running,0,0,0,0.0,0.000
1779179619651041,0.000,0.000,-0.010,0.000,1023,89.912,0.000,-132.887,1,Running,0,0,0,0.0,0.000
1779179619651059,0.000,0.000,-0.010,0.000,1023,89.912,0.000,-132.887,1,Running,0,0,0,0.0,0.000
1779179619776409,0.000,0.000,-0.010,0.000,1023,89.912,0.000,-132.887,1,Running,0,0,0,0.0,0.000
1779179619776433,0.000,0.000,-0.010,0.000,1023,89.912,0.000,-132.887,1,Running,0,0,0,0.0,0.000
1779179619901994,0.000,0.000,-0.010,0.000,1023,89.912,0.000,-132.887,1,Running,0,0,0,0.0,0.000
1779179619902005,0.000,0.000,-0.010,0.000,1023,89.912,0.000,-132.887,1,Running,0,0,0,0.0,0.000
1779179620027614,0.000,0.000,-0.010,0.000,1023,89.912,0.000,-132.887,1,Running,0,0,0,0.0,0.000
1779179620027632,0.000,0.000,-0.010,0.000,1023,89.912,0.000,-132.887,1,Running,0,0,0,0.0,0.000
1779179620153593,0.000,0.000,-0.010,0.000,1023,89.912,0.000,-132.887,1,Running,0,0,0,0.0,0.000
1779179620153615,0.000,0.000,-0.010,0.000,1023,89.912,0.000,-132.887,1,Running,0,0,0,0.0,0.000
1779179620279537,0.000,0.000,-0.010,0.000,1023,89.912,0.000,-132.887,1,Running,0,0,0,0.0,0.000
1779179620279552,0.000,0.000,-0.010,0.000,1023,89.912,0.000,-132.887,1,Running,0,0,0,0.0,0.000
1779179620405085,0.000,0.000,-0.010,0.000,1023,89.912,0.000,-132.887,1,Running,0,0,0,0.0,0.000
1779179620405102,0.000,0.000,-0.010,0.000,1023,89.912,0.000,-132.887,1,Running,0,0,0,0.0,0.000
1779179620530646,0.000,0.000,-0.010,0.000,1023,89.912,0.000,-132.887,1,Running,0,0,0,0.0,0.000
1779179620530661,0.000,0.000,-0.010,0.000,1023,89.912,0.000,-132.887,1,Running,0,0,0,0.0,0.000
1779179620656167,0.000,0.000,-0.010,0.000,1023,89.912,0.000,-132.887,1,Running,0,0,0,0.0,0.000
1779179620656233,0.000,0.000,-0.010,0.000,1023,89.912,0.000,-132.887,1,Running,0,0,0,0.0,0.000
1779179620781854,0.000,0.000,0.000,0.000,1023,89.912,0.000,-132.887,1,Running,0,0,0,0.0,0.000
1779179620781872,0.000,0.000,0.000,0.000,1023,89.912,0.000,-132.887,1,Running,0,0,0,0.0,0.000
1779179620907430,0.000,0.000,0.000,0.000,1023,89.912,0.000,-132.887,1,Running,0,0,0,0.0,0.000
1779179620907448,0.000,0.000,0.000,0.000,1023,89.912,0.000,-132.887,1,Running,0,0,0,0.0,0.000
1779179621032931,0.000,0.000,0.000,0.000,1023,89.912,0.000,-132.887,1,Running,0,0,0,0.0,0.000
1779179621032949,0.000,0.000,0.000,0.000,1023,89.912,0.000,-132.887,1,Running,0,0,0,0.0,0.000
1779179621158419,0.000,0.000,0.000,0.000,1023,89.912,0.000,-132.887,1,Running,0,0,0,0.0,0.000
1779179621158433,0.000,0.000,0.000,0.000,1023,89.912,0.000,-132.887,1,Running,0,0,0,0.0,0.000
1779179621284066,0.000,0.000,0.000,0.000,1023,89.912,0.000,-132.887,1,Running,0,0,0,0.0,0.000
1779179621284082,0.000,0.000,0.000,0.000,1023,89.912,0.000,-132.887,1,Running,0,0,0,0.0,0.000
1779179621409652,0.000,0.000,0.000,0.000,1023,89.912,0.000,-132.887,1,Running,0,0,0,0.0,0.000
1779179621409673,0.000,0.000,0.000,0.000,1023,89.912,0.000,-132.887,1,Running,0,0,0,0.0,0.000
1779179621535159,0.000,0.000,0.000,0.000,1023,89.912,0.000,-132.887,1,Running,0,0,0,0.0,0.000
1779179621535175,0.000,0.000,0.000,0.000,1023,89.912,0.000,-132.887,1,Running,0,0,0,0.0,0.000
1779179621660714,0.000,0.000,0.000,0.000,1023,89.912,0.000,-132.887,1,Running,0,0,0,0.0,0.000
1779179621660728,0.000,0.000,0.000,0.000,1023,89.912,0.000,-132.887,1,Running,0,0,0,0.0,0.000
1779179621786362,0.000,0.000,0.000,0.000,1023,89.912,0.000,-132.887,1,Running,0,0,0,0.0,0.000
1779179621786382,0.000,0.000,0.000,0.000,1023,89.912,0.000,-132.887,1,Running,0,0,0,0.0,0.000
1779179621912024,0.000,0.000,0.000,0.000,1023,89.912,0.000,-132.887,1,Running,0,0,0,0.0,0.000
1779179621912039,0.000,0.000,0.000,0.000,1023,89.912,0.000,-132.887,1,Running,0,0,0,0.0,0.000
1779179622037785,0.000,0.000,0.000,0.000,1023,89.912,0.000,-132.887,1,Running,0,0,0,0.0,0.000
1779179622037813,0.000,0.000,0.000,0.000,1023,89.912,0.000,-132.887,1,Running,0,0,0,0.0,0.000
1779179622220218,0.000,0.000,0.000,0.000,1023,89.912,0.000,-132.887,1,Running,0,0,0,0.0,0.000
